"Data Source","World Development Indicators",

"Last Updated Date","2021-10-28",

"Country Name","Country Code","Indicator Name","Indicator Code","1960","1961","1962","1963","1964","1965","1966","1967","1968","1969","1970","1971","1972","1973","1974","1975","1976","1977","1978","1979","1980","1981","1982","1983","1984","1985","1986","1987","1988","1989","1990","1991","1992","1993","1994","1995","1996","1997","1998","1999","2000","2001","2002","2003","2004","2005","2006","2007","2008","2009","2010","2011","2012","2013","2014","2015","2016","2017","2018","2019","2020",
"Aruba","ABW","Investment in water and sanitation with private participation (current US$)","IE.PPI.WATR.CD","","","","","","","","","","","","","","","","","","","","","","","","","","","","","","","","","","","","","","","","","","","","","","","","","","","","","","","","","","","","","",
"Africa Eastern and Southern","AFE","Investment in water and sanitation with private participation (current US$)","IE.PPI.WATR.CD","","","","","","","","","","","","","","","","","","","","","","","","","","","","","","","","","","","","","","","","","","","","","","","","","","","","","","","","","","","","","",
"Afghanistan","AFG","Investment in water and sanitation with private participation (current US$)","IE.PPI.WATR.CD","","","","","","","","","","","","","","","","","","","","","","","","","","","","","","","","","","","","","","","","","","","","","","","","","","","","","","","","","","","","","",
"Africa Western and Central","AFW","Investment in water and sanitation with private participation (current US$)","IE.PPI.WATR.CD","","","","","","","","","","","","","","","","","","","","","","","","","","","","","","","","","","","","","","","","","","","","","","","","","","","","","","","","","","","","","",
"Angola","AGO","Investment in water and sanitation with private participation (current US$)","IE.PPI.WATR.CD","","","","","","","","","","","","","","","","","","","","","","","","","","","","","","","","","","","","","","","","","","","","","","","","","","","","","","","","","","","","","",
"Albania","ALB","Investment in water and sanitation with private participation (current US$)","IE.PPI.WATR.CD","","","","","","","","","","","","","","","","","","","","","","","","","","","","","","","","","","","","","","","","","","","8000000","","","","","","","","","","","","","","","","","","",
"Andorra","AND","Investment in water and sanitation with private participation (current US$)","IE.PPI.WATR.CD","","","","","","","","","","","","","","","","","","","","","","","","","","","","","","","","","","","","","","","","","","","","","","","","","","","","","","","","","","","","","",
"Arab World","ARB","Investment in water and sanitation with private participation (current US$)","IE.PPI.WATR.CD","","","","","","","","","","","","","","","","","","","","","","","","","","","","","","","","","","","","","","","","","","","","","","","","","","","","","","","","","","","","","",
"United Arab Emirates","ARE","Investment in water and sanitation with private participation (current US$)","IE.PPI.WATR.CD","","","","","","","","","","","","","","","","","","","","","","","","","","","","","","","","","","","","","","","","","","","","","","","","","","","","","","","","","","","","","",
"Argentina","ARG","Investment in water and sanitation with private participation (current US$)","IE.PPI.WATR.CD","","","","","","","","","","","","","","","","","","","","","","","","","","","","","","","","75000000","","4000000000","1900000","1091000000","900000","874000000","438800000","902400000","689900000","","67000000","","34650000","","","","","","","","","","","","","","","","",
"Armenia","ARM","Investment in water and sanitation with private participation (current US$)","IE.PPI.WATR.CD","","","","","","","","","","","","","","","","","","","","","","","","","","","","","","","","","","","","","","","","","","","","","","","","","","","","","","","","","200000000","","","","",
"American Samoa","ASM","Investment in water and sanitation with private participation (current US$)","IE.PPI.WATR.CD","","","","","","","","","","","","","","","","","","","","","","","","","","","","","","","","","","","","","","","","","","","","","","","","","","","","","","","","","","","","","",
"Antigua and Barbuda","ATG","Investment in water and sanitation with private participation (current US$)","IE.PPI.WATR.CD","","","","","","","","","","","","","","","","","","","","","","","","","","","","","","","","","","","","","","","","","","","","","","","","","","","","","","","","","","","","","",
"Australia","AUS","Investment in water and sanitation with private participation (current US$)","IE.PPI.WATR.CD","","","","","","","","","","","","","","","","","","","","","","","","","","","","","","","","","","","","","","","","","","","","","","","","","","","","","","","","","","","","","",
"Austria","AUT","Investment in water and sanitation with private participation (current US$)","IE.PPI.WATR.CD","","","","","","","","","","","","","","","","","","","","","","","","","","","","","","","","","","","","","","","","","","","","","","","","","","","","","","","","","","","","","",
"Azerbaijan","AZE","Investment in water and sanitation with private participation (current US$)","IE.PPI.WATR.CD","","","","","","","","","","","","","","","","","","","","","","","","","","","","","","","","","","","","","","","","","","","","","","","","","","","","","","","","","","","","","",
"Burundi","BDI","Investment in water and sanitation with private participation (current US$)","IE.PPI.WATR.CD","","","","","","","","","","","","","","","","","","","","","","","","","","","","","","","","","","","","","","","","","","","","","","","","","","","","","","","","","","","","","",
"Belgium","BEL","Investment in water and sanitation with private participation (current US$)","IE.PPI.WATR.CD","","","","","","","","","","","","","","","","","","","","","","","","","","","","","","","","","","","","","","","","","","","","","","","","","","","","","","","","","","","","","",
"Benin","BEN","Investment in water and sanitation with private participation (current US$)","IE.PPI.WATR.CD","","","","","","","","","","","","","","","","","","","","","","","","","","","","","","","","","","","","","","","","","","","","","","","","","","","","","","","","","","","","","",
"Burkina Faso","BFA","Investment in water and sanitation with private participation (current US$)","IE.PPI.WATR.CD","","","","","","","","","","","","","","","","","","","","","","","","","","","","","","","","","","","","","","","","","","","","","","","","","","","","","","","","","","","","","",
"Bangladesh","BGD","Investment in water and sanitation with private participation (current US$)","IE.PPI.WATR.CD","","","","","","","","","","","","","","","","","","","","","","","","","","","","","","","","","","","","","","","","","","","","","","","","","","","","","","","","","","","327000000","72000000","",
"Bulgaria","BGR","Investment in water and sanitation with private participation (current US$)","IE.PPI.WATR.CD","","","","","","","","","","","","","","","","","","","","","","","","","","","","","","","","","","","","","","","","","152000000","","","","","","","","","","","","","","","","","","","","",
"Bahrain","BHR","Investment in water and sanitation with private participation (current US$)","IE.PPI.WATR.CD","","","","","","","","","","","","","","","","","","","","","","","","","","","","","","","","","","","","","","","","","","","","","","","","","","","","","","","","","","","","","",
"Bahamas, The","BHS","Investment in water and sanitation with private participation (current US$)","IE.PPI.WATR.CD","","","","","","","","","","","","","","","","","","","","","","","","","","","","","","","","","","","","","","","","","","","","","","","","","","","","","","","","","","","","","",
"Bosnia and Herzegovina","BIH","Investment in water and sanitation with private participation (current US$)","IE.PPI.WATR.CD","","","","","","","","","","","","","","","","","","","","","","","","","","","","","","","","","","","","","","","","","","","","","","","","","","","","","","","","","","","","","",
"Belarus","BLR","Investment in water and sanitation with private participation (current US$)","IE.PPI.WATR.CD","","","","","","","","","","","","","","","","","","","","","","","","","","","","","","","","","","","","","","","","","","","","","","","","","","","","","","","","","","","","","",
"Belize","BLZ","Investment in water and sanitation with private participation (current US$)","IE.PPI.WATR.CD","","","","","","","","","","","","","","","","","","","","","","","","","","","","","","","","","","","","","","","","","","49600000","","","","","","","","","","","","","","","","","","","",
"Bermuda","BMU","Investment in water and sanitation with private participation (current US$)","IE.PPI.WATR.CD","","","","","","","","","","","","","","","","","","","","","","","","","","","","","","","","","","","","","","","","","","","","","","","","","","","","","","","","","","","","","",
"Bolivia","BOL","Investment in water and sanitation with private participation (current US$)","IE.PPI.WATR.CD","","","","","","","","","","","","","","","","","","","","","","","","","","","","","","","","","","","","","","362000000","","320000000","","","","","","","","","","","","","","","","","","","","","",
"Brazil","BRA","Investment in water and sanitation with private participation (current US$)","IE.PPI.WATR.CD","","","","","","","","","","","","","","","","","","","","","","","","","","","","","","","","","","","3500000","152800000","58000000","473000000","649900000","516300000","711280000","26930000","207460000","48200000","255330000","3164000","382600000","140570000","828400000","14800000","230400000","127500000","4572800000","2947100000","1786800000","1726700000","222700000","218600000","1400000","313980000","1329380000",
"Barbados","BRB","Investment in water and sanitation with private participation (current US$)","IE.PPI.WATR.CD","","","","","","","","","","","","","","","","","","","","","","","","","","","","","","","","","","","","","","","","","","","","","","","","","","","","","","","","","","","","","",
"Brunei Darussalam","BRN","Investment in water and sanitation with private participation (current US$)","IE.PPI.WATR.CD","","","","","","","","","","","","","","","","","","","","","","","","","","","","","","","","","","","","","","","","","","","","","","","","","","","","","","","","","","","","","",
"Bhutan","BTN","Investment in water and sanitation with private participation (current US$)","IE.PPI.WATR.CD","","","","","","","","","","","","","","","","","","","","","","","","","","","","","","","","","","","","","","","","","","","","","","","","","","","","","","","","","","","","","",
"Botswana","BWA","Investment in water and sanitation with private participation (current US$)","IE.PPI.WATR.CD","","","","","","","","","","","","","","","","","","","","","","","","","","","","","","","","","","","","","","","","","","","","","","","","","","","","","","","","","","","","","",
"Central African Republic","CAF","Investment in water and sanitation with private participation (current US$)","IE.PPI.WATR.CD","","","","","","","","","","","","","","","","","","","","","","","","","","","","","","","","","","","","","","","","","","","","","","","","","","","","","","","","","","","","","",
"Canada","CAN","Investment in water and sanitation with private participation (current US$)","IE.PPI.WATR.CD","","","","","","","","","","","","","","","","","","","","","","","","","","","","","","","","","","","","","","","","","","","","","","","","","","","","","","","","","","","","","",
"Central Europe and the Baltics","CEB","Investment in water and sanitation with private participation (current US$)","IE.PPI.WATR.CD","","","","","","","","","","","","","","","","","","","","","","","","","","","","","","","","","","","","","","","","","","","","","","","","","","","","","","","","","","","","","",
"Switzerland","CHE","Investment in water and sanitation with private participation (current US$)","IE.PPI.WATR.CD","","","","","","","","","","","","","","","","","","","","","","","","","","","","","","","","","","","","","","","","","","","","","","","","","","","","","","","","","","","","","",
"Channel Islands","CHI","Investment in water and sanitation with private participation (current US$)","IE.PPI.WATR.CD","","","","","","","","","","","","","","","","","","","","","","","","","","","","","","","","","","","","","","","","","","","","","","","","","","","","","","","","","","","","","",
"Chile","CHL","Investment in water and sanitation with private participation (current US$)","IE.PPI.WATR.CD","","","","","","","","","","","","","","","","","","","","","","","","","","","","","","","","","","","","","","","","","","","","","","","","","","","","","","","","","","","","","",
"China","CHN","Investment in water and sanitation with private participation (current US$)","IE.PPI.WATR.CD","","","","","","","","","","","","","","","","","","","","","","","","","","","","","","","","","","","30800000","150000000","149300000","211400000","272000000","203200000","72400000","242260000","917650000","662200000","603380000","1007319000","604261030","1901875470","973613580","512430000","639700000","591630000","273960000","169340000","352820000","774050000","950170000","1426080000","1627080000","3326340000","2312270000",
"Cote d'Ivoire","CIV","Investment in water and sanitation with private participation (current US$)","IE.PPI.WATR.CD","","","","","","","","","","","","","","","","","","","","","","","","","","","","","","","","","","","","","","","","","","","","","","","","","","","","","","","","","","","","","192310000",
"Cameroon","CMR","Investment in water and sanitation with private participation (current US$)","IE.PPI.WATR.CD","","","","","","","","","","","","","","","","","","","","","","","","","","","","","","","","","","","","","","","","","","","","","","","","","","","","","","","","","","","","","",
"Congo, Dem. Rep.","COD","Investment in water and sanitation with private participation (current US$)","IE.PPI.WATR.CD","","","","","","","","","","","","","","","","","","","","","","","","","","","","","","","","","","","","","","","","","","","","","","","","","","","","","","","","","","","","","",
"Congo, Rep.","COG","Investment in water and sanitation with private participation (current US$)","IE.PPI.WATR.CD","","","","","","","","","","","","","","","","","","","","","","","","","","","","","","","","","","","","","","","","","","","","","","","","","","","","","","","","","","","","","",
"Colombia","COL","Investment in water and sanitation with private participation (current US$)","IE.PPI.WATR.CD","","","","","","","","","","","","","","","","","","","","","","","","","","","","","","","","","","","","3000000","83000000","100000000","65000000","70000000","42000000","","150700000","55300000","51000000","15280000","305000000","","","","","","","129000000","","","","","","","",
"Comoros","COM","Investment in water and sanitation with private participation (current US$)","IE.PPI.WATR.CD","","","","","","","","","","","","","","","","","","","","","","","","","","","","","","","","","","","","","","","","","","","","","","","","","","","","","","","","","","","","","",
"Cabo Verde","CPV","Investment in water and sanitation with private participation (current US$)","IE.PPI.WATR.CD","","","","","","","","","","","","","","","","","","","","","","","","","","","","","","","","","","","","","","","","","","","","","","","","","","","","","","","","","","","","","",
"Costa Rica","CRI","Investment in water and sanitation with private participation (current US$)","IE.PPI.WATR.CD","","","","","","","","","","","","","","","","","","","","","","","","","","","","","","","","","","","","","","","","","","","","","","","","","","","","","","","","","","","","","",
"Caribbean small states","CSS","Investment in water and sanitation with private participation (current US$)","IE.PPI.WATR.CD","","","","","","","","","","","","","","","","","","","","","","","","","","","","","","","","","","","","","","","","","","","","","","","","","","","","","","","","","","","","","",
"Cuba","CUB","Investment in water and sanitation with private participation (current US$)","IE.PPI.WATR.CD","","","","","","","","","","","","","","","","","","","","","","","","","","","","","","","","","","","","","","","","","600000000","","","","","","","","","","","","","","","","","","","","",
"Curacao","CUW","Investment in water and sanitation with private participation (current US$)","IE.PPI.WATR.CD","","","","","","","","","","","","","","","","","","","","","","","","","","","","","","","","","","","","","","","","","","","","","","","","","","","","","","","","","","","","","",
"Cayman Islands","CYM","Investment in water and sanitation with private participation (current US$)","IE.PPI.WATR.CD","","","","","","","","","","","","","","","","","","","","","","","","","","","","","","","","","","","","","","","","","","","","","","","","","","","","","","","","","","","","","",
"Cyprus","CYP","Investment in water and sanitation with private participation (current US$)","IE.PPI.WATR.CD","","","","","","","","","","","","","","","","","","","","","","","","","","","","","","","","","","","","","","","","","","","","","","","","","","","","","","","","","","","","","",
"Czech Republic","CZE","Investment in water and sanitation with private participation (current US$)","IE.PPI.WATR.CD","","","","","","","","","","","","","","","","","","","","","","","","","","","","","","","","","","","","","","","","","","","","","","","","","","","","","","","","","","","","","",
"Germany","DEU","Investment in water and sanitation with private participation (current US$)","IE.PPI.WATR.CD","","","","","","","","","","","","","","","","","","","","","","","","","","","","","","","","","","","","","","","","","","","","","","","","","","","","","","","","","","","","","",
"Djibouti","DJI","Investment in water and sanitation with private participation (current US$)","IE.PPI.WATR.CD","","","","","","","","","","","","","","","","","","","","","","","","","","","","","","","","","","","","","","","","","","","","","","","","","","","","","","","","","","","","","",
"Dominica","DMA","Investment in water and sanitation with private participation (current US$)","IE.PPI.WATR.CD","","","","","","","","","","","","","","","","","","","","","","","","","","","","","","","","","","","","","","","","","","","","","","","","","","","","","","","","","","","","","",
"Denmark","DNK","Investment in water and sanitation with private participation (current US$)","IE.PPI.WATR.CD","","","","","","","","","","","","","","","","","","","","","","","","","","","","","","","","","","","","","","","","","","","","","","","","","","","","","","","","","","","","","",
"Dominican Republic","DOM","Investment in water and sanitation with private participation (current US$)","IE.PPI.WATR.CD","","","","","","","","","","","","","","","","","","","","","","","","","","","","","","","","","","","","","","","","","","","","","","","","","","","","","","","","","","","","","",
"Algeria","DZA","Investment in water and sanitation with private participation (current US$)","IE.PPI.WATR.CD","","","","","","","","","","","","","","","","","","","","","","","","","","","","","","","","","","","","","","","","","","","","","","510000000","","230000000","874000000","468000000","","","","","","","","","","","",
"East Asia & Pacific (excluding high income)","EAP","Investment in water and sanitation with private participation (current US$)","IE.PPI.WATR.CD","","","","","","","","","","","","","","","","","","","","","","","","","","","","","","","","","","","820800000","520000000","149300000","8032500000","942800000","270500000","4066000000","672960000","934050000","703500000","3132480000","1340919000","1147161030","1901875470","973613580","539030000","639700000","591630000","467260000","309340000","352820000","774050000","1527870000","1583280000","1960660000","3599930000","",
"Early-demographic dividend","EAR","Investment in water and sanitation with private participation (current US$)","IE.PPI.WATR.CD","","","","","","","","","","","","","","","","","","","","","","","","","","","","","","","","","","","","","","","","","","","","","","","","","","","","","","","","","","","","","",
"East Asia & Pacific","EAS","Investment in water and sanitation with private participation (current US$)","IE.PPI.WATR.CD","","","","","","","","","","","","","","","","","","","","","","","","","","","","","","","","","","","","","","","","","","","","","","","","","","","","","","","","","","","","","",
"Europe & Central Asia (excluding high income)","ECA","Investment in water and sanitation with private participation (current US$)","IE.PPI.WATR.CD","","","","","","","","","","","","","","","","","","","","","","","","","","","","","","","","","","","","","","","","","","","","","","","","","","","","","","","","","","","","","",
"Europe & Central Asia","ECS","Investment in water and sanitation with private participation (current US$)","IE.PPI.WATR.CD","","","","","","","","","","","","","","","","","","","","","","","","","","","","","","","","","","","","","","","","","","","","","","","","","","","","","","","","","","","","","",
"Ecuador","ECU","Investment in water and sanitation with private participation (current US$)","IE.PPI.WATR.CD","","","","","","","","","","","","","","","","","","","","","","","","","","","","","","","","","","","","","","","","","","500000000","","","10000000","","","","","","","","","","","","","","26490000","","",
"Egypt, Arab Rep.","EGY","Investment in water and sanitation with private participation (current US$)","IE.PPI.WATR.CD","","","","","","","","","","","","","","","","","","","","","","","","","","","","","","","","","","","","","","","","","","","","","","","","","","","475000000","","","","","","","","","","",
"Euro area","EMU","Investment in water and sanitation with private participation (current US$)","IE.PPI.WATR.CD","","","","","","","","","","","","","","","","","","","","","","","","","","","","","","","","","","","","","","","","","","","","","","","","","","","","","","","","","","","","","",
"Eritrea","ERI","Investment in water and sanitation with private participation (current US$)","IE.PPI.WATR.CD","","","","","","","","","","","","","","","","","","","","","","","","","","","","","","","","","","","","","","","","","","","","","","","","","","","","","","","","","","","","","",
"Spain","ESP","Investment in water and sanitation with private participation (current US$)","IE.PPI.WATR.CD","","","","","","","","","","","","","","","","","","","","","","","","","","","","","","","","","","","","","","","","","","","","","","","","","","","","","","","","","","","","","",
"Estonia","EST","Investment in water and sanitation with private participation (current US$)","IE.PPI.WATR.CD","","","","","","","","","","","","","","","","","","","","","","","","","","","","","","","","","","","","","","","","","","","","","","","","","","","","","","","","","","","","","",
"Ethiopia","ETH","Investment in water and sanitation with private participation (current US$)","IE.PPI.WATR.CD","","","","","","","","","","","","","","","","","","","","","","","","","","","","","","","","","","","","","","","","","","","","","","","","","","","","","","","","","","","","","",
"European Union","EUU","Investment in water and sanitation with private participation (current US$)","IE.PPI.WATR.CD","","","","","","","","","","","","","","","","","","","","","","","","","","","","","","","","","","","","","","","","","","","","","","","","","","","","","","","","","","","","","",
"Fragile and conflict affected situations","FCS","Investment in water and sanitation with private participation (current US$)","IE.PPI.WATR.CD","","","","","","","","","","","","","","","","","","","","","","","","","","","","","","","","","","","","","","","","","","","","","","","","","","","","","","","","","","","","","",
"Finland","FIN","Investment in water and sanitation with private participation (current US$)","IE.PPI.WATR.CD","","","","","","","","","","","","","","","","","","","","","","","","","","","","","","","","","","","","","","","","","","","","","","","","","","","","","","","","","","","","","",
"Fiji","FJI","Investment in water and sanitation with private participation (current US$)","IE.PPI.WATR.CD","","","","","","","","","","","","","","","","","","","","","","","","","","","","","","","","","","","","","","","","","","","","","","","","","","","","","","","","","","","","","",
"France","FRA","Investment in water and sanitation with private participation (current US$)","IE.PPI.WATR.CD","","","","","","","","","","","","","","","","","","","","","","","","","","","","","","","","","","","","","","","","","","","","","","","","","","","","","","","","","","","","","",
"Faroe Islands","FRO","Investment in water and sanitation with private participation (current US$)","IE.PPI.WATR.CD","","","","","","","","","","","","","","","","","","","","","","","","","","","","","","","","","","","","","","","","","","","","","","","","","","","","","","","","","","","","","",
"Micronesia, Fed. Sts.","FSM","Investment in water and sanitation with private participation (current US$)","IE.PPI.WATR.CD","","","","","","","","","","","","","","","","","","","","","","","","","","","","","","","","","","","","","","","","","","","","","","","","","","","","","","","","","","","","","",
"Gabon","GAB","Investment in water and sanitation with private participation (current US$)","IE.PPI.WATR.CD","","","","","","","","","","","","","","","","","","","","","","","","","","","","","","","","","","","","","","294000000","","","","","","","","","","","","","","","","","","","","","","","",
"United Kingdom","GBR","Investment in water and sanitation with private participation (current US$)","IE.PPI.WATR.CD","","","","","","","","","","","","","","","","","","","","","","","","","","","","","","","","","","","","","","","","","","","","","","","","","","","","","","","","","","","","","",
"Georgia","GEO","Investment in water and sanitation with private participation (current US$)","IE.PPI.WATR.CD","","","","","","","","","","","","","","","","","","","","","","","","","","","","","","","","","","","","","","","","","","","","","","","","435000000","","","","","","","","","","25000000","","","",
"Ghana","GHA","Investment in water and sanitation with private participation (current US$)","IE.PPI.WATR.CD","","","","","","","","","","","","","","","","","","","","","","","","","","","","","","","","","","","","","","","","","","","","","","","","","","","","","126000000","","","","","","","","",
"Gibraltar","GIB","Investment in water and sanitation with private participation (current US$)","IE.PPI.WATR.CD","","","","","","","","","","","","","","","","","","","","","","","","","","","","","","","","","","","","","","","","","","","","","","","","","","","","","","","","","","","","","",
"Guinea","GIN","Investment in water and sanitation with private participation (current US$)","IE.PPI.WATR.CD","","","","","","","","","","","","","","","","","","","","","","","","","","","","","","300000","","","","","","","","","","","","","","","","","","","","","","","","","","","","","","","",
"Gambia, The","GMB","Investment in water and sanitation with private participation (current US$)","IE.PPI.WATR.CD","","","","","","","","","","","","","","","","","","","","","","","","","","","","","","","","","","","","","","","","","","","","","","","","","","","","","","","","","","","","","",
"Guinea-Bissau","GNB","Investment in water and sanitation with private participation (current US$)","IE.PPI.WATR.CD","","","","","","","","","","","","","","","","","","","","","","","","","","","","","","","","","","","","","","","","","","","","","","","","","","","","","","","","","","","","","",
"Equatorial Guinea","GNQ","Investment in water and sanitation with private participation (current US$)","IE.PPI.WATR.CD","","","","","","","","","","","","","","","","","","","","","","","","","","","","","","","","","","","","","","","","","","","","","","","","","","","","","","","","","","","","","",
"Greece","GRC","Investment in water and sanitation with private participation (current US$)","IE.PPI.WATR.CD","","","","","","","","","","","","","","","","","","","","","","","","","","","","","","","","","","","","","","","","","","","","","","","","","","","","","","","","","","","","","",
"Grenada","GRD","Investment in water and sanitation with private participation (current US$)","IE.PPI.WATR.CD","","","","","","","","","","","","","","","","","","","","","","","","","","","","","","","","","","","","","","","","","","","","","","","","","","","","","","","","","","","","","",
"Greenland","GRL","Investment in water and sanitation with private participation (current US$)","IE.PPI.WATR.CD","","","","","","","","","","","","","","","","","","","","","","","","","","","","","","","","","","","","","","","","","","","","","","","","","","","","","","","","","","","","","",
"Guatemala","GTM","Investment in water and sanitation with private participation (current US$)","IE.PPI.WATR.CD","","","","","","","","","","","","","","","","","","","","","","","","","","","","","","","","","","","","","","","","","","","","","","","","","6700000","","","","","","","","","","","","",
"Guam","GUM","Investment in water and sanitation with private participation (current US$)","IE.PPI.WATR.CD","","","","","","","","","","","","","","","","","","","","","","","","","","","","","","","","","","","","","","","","","","","","","","","","","","","","","","","","","","","","","",
"Guyana","GUY","Investment in water and sanitation with private participation (current US$)","IE.PPI.WATR.CD","","","","","","","","","","","","","","","","","","","","","","","","","","","","","","","","","","","","","","","","","","","","","","","","","","","","","","","","","","","","","",
"High income","HIC","Investment in water and sanitation with private participation (current US$)","IE.PPI.WATR.CD","","","","","","","","","","","","","","","","","","","","","","","","","","","","","","","","","","","","","","","","","","","","","","","","","","","","","","","","","","","","","",
"Hong Kong SAR, China","HKG","Investment in water and sanitation with private participation (current US$)","IE.PPI.WATR.CD","","","","","","","","","","","","","","","","","","","","","","","","","","","","","","","","","","","","","","","","","","","","","","","","","","","","","","","","","","","","","",
"Honduras","HND","Investment in water and sanitation with private participation (current US$)","IE.PPI.WATR.CD","","","","","","","","","","","","","","","","","","","","","","","","","","","","","","","","","","","","","","","","","","207900000","","","","","","","","","","","","","","","","","","","",
"Heavily indebted poor countries (HIPC)","HPC","Investment in water and sanitation with private participation (current US$)","IE.PPI.WATR.CD","","","","","","","","","","","","","","","","","","","","","","","","","","","","","","","","","","","","","","","","","","","","","","","","","","","","","","","","","","","","","",
"Croatia","HRV","Investment in water and sanitation with private participation (current US$)","IE.PPI.WATR.CD","","","","","","","","","","","","","","","","","","","","","","","","","","","","","","","","","","","","","","","","","","","","","","","","","","","","","","","","","","","","","",
"Haiti","HTI","Investment in water and sanitation with private participation (current US$)","IE.PPI.WATR.CD","","","","","","","","","","","","","","","","","","","","","","","","","","","","","","","","","","","","","","","","","","","","","","","","","","1000000","","","","","","","","","","","",
"Hungary","HUN","Investment in water and sanitation with private participation (current US$)","IE.PPI.WATR.CD","","","","","","","","","","","","","","","","","","","","","","","","","","","","","","","","","","","","","","","","","","","","","","","","","","","","","","","","","","","","","",
"IBRD only","IBD","Investment in water and sanitation with private participation (current US$)","IE.PPI.WATR.CD","","","","","","","","","","","","","","","","","","","","","","","","","","","","","","","","","","","","","","","","","","1373590000","","","4256690000","","","3330195470","2899513580","2284860000","","","5658760000","3661090000","","5261850000","","1877760000","3470080000","","",
"IDA & IBRD total","IBT","Investment in water and sanitation with private participation (current US$)","IE.PPI.WATR.CD","","","","","","","","","","","","","","","","","","","","","","","","","","","","","","","","","","","","","","","","","","","","","","","","","","","","","","","","","","","","","",
"IDA total","IDA","Investment in water and sanitation with private participation (current US$)","IE.PPI.WATR.CD","","","","","","","","","","","","","","","","","","","","","","","","","","","","","","","","","","","","","","","","","","","","","","","","","","","","","","","","","","","","","",
"IDA blend","IDB","Investment in water and sanitation with private participation (current US$)","IE.PPI.WATR.CD","","","","","","","","","","","","","","","","","","","","","","","","","","","","","","","","","","","","","","","","","","","","","","","","","","","","","","","","","","","","","",
"Indonesia","IDN","Investment in water and sanitation with private participation (current US$)","IE.PPI.WATR.CD","","","","","","","","","","","","","","","","","","","","","","","","","","","","","","","","","","","","200000000","","123200000","632000000","","","36700000","","","8100000","","20200000","","","","","","15000000","140000000","","","","157200000","314620000","82380000","",
"IDA only","IDX","Investment in water and sanitation with private participation (current US$)","IE.PPI.WATR.CD","","","","","","","","","","","","","","","","","","","","","","","","","","","","","","","","","","","","","","","","","","","","","","","","","","","","","","","","","","","","","",
"Isle of Man","IMN","Investment in water and sanitation with private participation (current US$)","IE.PPI.WATR.CD","","","","","","","","","","","","","","","","","","","","","","","","","","","","","","","","","","","","","","","","","","","","","","","","","","","","","","","","","","","","","",
"India","IND","Investment in water and sanitation with private participation (current US$)","IE.PPI.WATR.CD","","","","","","","","","","","","","","","","","","","","","","","","","","","","","","","","","","","","","","","","","","2100000","","","110750000","","","142250000","75900000","23530000","","","115600000","135100000","","18500000","","50880000","583300000","","",
"Not classified","INX","Investment in water and sanitation with private participation (current US$)","IE.PPI.WATR.CD","","","","","","","","","","","","","","","","","","","","","","","","","","","","","","","","","","","","","","","","","","","","","","","","","","","","","","","","","","","","","",
"Ireland","IRL","Investment in water and sanitation with private participation (current US$)","IE.PPI.WATR.CD","","","","","","","","","","","","","","","","","","","","","","","","","","","","","","","","","","","","","","","","","","","","","","","","","","","","","","","","","","","","","",
"Iran, Islamic Rep.","IRN","Investment in water and sanitation with private participation (current US$)","IE.PPI.WATR.CD","","","","","","","","","","","","","","","","","","","","","","","","","","","","","","","","","","","","","","","","","","","","","","","","","","","","","","","","","","","","","",
"Iraq","IRQ","Investment in water and sanitation with private participation (current US$)","IE.PPI.WATR.CD","","","","","","","","","","","","","","","","","","","","","","","","","","","","","","","","","","","","","","","","","","","","","","","","","","","","","","","","","","","","","",
"Iceland","ISL","Investment in water and sanitation with private participation (current US$)","IE.PPI.WATR.CD","","","","","","","","","","","","","","","","","","","","","","","","","","","","","","","","","","","","","","","","","","","","","","","","","","","","","","","","","","","","","",
"Israel","ISR","Investment in water and sanitation with private participation (current US$)","IE.PPI.WATR.CD","","","","","","","","","","","","","","","","","","","","","","","","","","","","","","","","","","","","","","","","","","","","","","","","","","","","","","","","","","","","","",
"Italy","ITA","Investment in water and sanitation with private participation (current US$)","IE.PPI.WATR.CD","","","","","","","","","","","","","","","","","","","","","","","","","","","","","","","","","","","","","","","","","","","","","","","","","","","","","","","","","","","","","",
"Jamaica","JAM","Investment in water and sanitation with private participation (current US$)","IE.PPI.WATR.CD","","","","","","","","","","","","","","","","","","","","","","","","","","","","","","","","","","","","","","","","","","","","","","","","","","","","","","","","","","","","","",
"Jordan","JOR","Investment in water and sanitation with private participation (current US$)","IE.PPI.WATR.CD","","","","","","","","","","","","","","","","","","","","","","","","","","","","","","","","","","","","","","","","","","","","169000000","","","","","","951000000","","","223000000","","","","","","","","",
"Japan","JPN","Investment in water and sanitation with private participation (current US$)","IE.PPI.WATR.CD","","","","","","","","","","","","","","","","","","","","","","","","","","","","","","","","","","","","","","","","","","","","","","","","","","","","","","","","","","","","","",
"Kazakhstan","KAZ","Investment in water and sanitation with private participation (current US$)","IE.PPI.WATR.CD","","","","","","","","","","","","","","","","","","","","","","","","","","","","","","","","","","","","","","","","","","","","","","","","","","","","","","","","","","","","","",
"Kenya","KEN","Investment in water and sanitation with private participation (current US$)","IE.PPI.WATR.CD","","","","","","","","","","","","","","","","","","","","","","","","","","","","","","","","","","","","","","","","","","","","","","","","","","","","","","","","","","","","","",
"Kyrgyz Republic","KGZ","Investment in water and sanitation with private participation (current US$)","IE.PPI.WATR.CD","","","","","","","","","","","","","","","","","","","","","","","","","","","","","","","","","","","","","","","","","","","","","","","","","","","","","","","","","","","","","",
"Cambodia","KHM","Investment in water and sanitation with private participation (current US$)","IE.PPI.WATR.CD","","","","","","","","","","","","","","","","","","","","","","","","","","","","","","","","","","","","","","","","","","","","","","","","","","","","","","","","","","","","","",
"Kiribati","KIR","Investment in water and sanitation with private participation (current US$)","IE.PPI.WATR.CD","","","","","","","","","","","","","","","","","","","","","","","","","","","","","","","","","","","","","","","","","","","","","","","","","","","","","","","","","","","","","",
"St. Kitts and Nevis","KNA","Investment in water and sanitation with private participation (current US$)","IE.PPI.WATR.CD","","","","","","","","","","","","","","","","","","","","","","","","","","","","","","","","","","","","","","","","","","","","","","","","","","","","","","","","","","","","","",
"Korea, Rep.","KOR","Investment in water and sanitation with private participation (current US$)","IE.PPI.WATR.CD","","","","","","","","","","","","","","","","","","","","","","","","","","","","","","","","","","","","","","","","","","","","","","","","","","","","","","","","","","","","","",
"Kuwait","KWT","Investment in water and sanitation with private participation (current US$)","IE.PPI.WATR.CD","","","","","","","","","","","","","","","","","","","","","","","","","","","","","","","","","","","","","","","","","","","","","","","","","","","","","","","","","","","","","",
"Latin America & Caribbean (excluding high income)","LAC","Investment in water and sanitation with private participation (current US$)","IE.PPI.WATR.CD","","","","","","","","","","","","","","","","","","","","","","","","","","","","","","","","","","","","1263800000","147900000","1869200000","1201900000","1982300000","","891430000","","","772680000","120444000","","","","","","","","","","","","","","","",
"Lao PDR","LAO","Investment in water and sanitation with private participation (current US$)","IE.PPI.WATR.CD","","","","","","","","","","","","","","","","","","","","","","","","","","","","","","","","","","","","","","","","","","","","","","","","","","","","","","","","","","","","","",
"Lebanon","LBN","Investment in water and sanitation with private participation (current US$)","IE.PPI.WATR.CD","","","","","","","","","","","","","","","","","","","","","","","","","","","","","","","","","","","","","","","","","","","","","","","","","","","","","","","","","","","","","",
"Liberia","LBR","Investment in water and sanitation with private participation (current US$)","IE.PPI.WATR.CD","","","","","","","","","","","","","","","","","","","","","","","","","","","","","","","","","","","","","","","","","","","","","","","","","","","","","","","","","","","","","",
"Libya","LBY","Investment in water and sanitation with private participation (current US$)","IE.PPI.WATR.CD","","","","","","","","","","","","","","","","","","","","","","","","","","","","","","","","","","","","","","","","","","","","","","","","","","","","","","","","","","","","","",
"St. Lucia","LCA","Investment in water and sanitation with private participation (current US$)","IE.PPI.WATR.CD","","","","","","","","","","","","","","","","","","","","","","","","","","","","","","","","","","","","","","","","","","","","","","","","","","","","","","","","","","","","","",
"Latin America & Caribbean","LCN","Investment in water and sanitation with private participation (current US$)","IE.PPI.WATR.CD","","","","","","","","","","","","","","","","","","","","","","","","","","","","","","","","","","","","1263800000","147900000","1869200000","1201900000","2007300000","","","","","772680000","","","","","","","","","","","","","","","","",
"Least developed countries: UN classification","LDC","Investment in water and sanitation with private participation (current US$)","IE.PPI.WATR.CD","","","","","","","","","","","","","","","","","","","","","","","","","","","","","","","","","","","","","","","","","","","","","","","","","","","","","","","","","","","","","",
"Low income","LIC","Investment in water and sanitation with private participation (current US$)","IE.PPI.WATR.CD","","","","","","","","","","","","","","","","","","","","","","","","","","","","","","","","","","","","","","","","","","","","","","","","","","","","","","","","","","","","","",
"Liechtenstein","LIE","Investment in water and sanitation with private participation (current US$)","IE.PPI.WATR.CD","","","","","","","","","","","","","","","","","","","","","","","","","","","","","","","","","","","","","","","","","","","","","","","","","","","","","","","","","","","","","",
"Sri Lanka","LKA","Investment in water and sanitation with private participation (current US$)","IE.PPI.WATR.CD","","","","","","","","","","","","","","","","","","","","","","","","","","","","","","","","","","","","","","","","","","","","","","","","","","","","","","","","","","","","","",
"Lower middle income","LMC","Investment in water and sanitation with private participation (current US$)","IE.PPI.WATR.CD","","","","","","","","","","","","","","","","","","","","","","","","","","","","","","","","","","","","","","","","","","","","","","","","","","","","","","","","","","","","","",
"Low & middle income","LMY","Investment in water and sanitation with private participation (current US$)","IE.PPI.WATR.CD","","","","","","","","","","","","","","","","","","","","","","","","","","","","","","","","","","","","","","","","","","","","","","","","","","","","","","","","","","","","","",
"Lesotho","LSO","Investment in water and sanitation with private participation (current US$)","IE.PPI.WATR.CD","","","","","","","","","","","","","","","","","","","","","","","","","","","","","","","","","","","","","","","","","","","","","","","","","","","","","","","","","","","","","",
"Late-demographic dividend","LTE","Investment in water and sanitation with private participation (current US$)","IE.PPI.WATR.CD","","","","","","","","","","","","","","","","","","","","","","","","","","","","","","","","","","","824300000","475800000","290300000","845700000","1133700000","855200000","4935280000","663190000","1300210000","1130600000","3671490000","1699663000","2050361030","2651445470","1802013580","527230000","965100000","719130000","4980060000","3245440000","2139620000","3814750000","1461770000","1669680000","1868010000","3799460000","3641650000",
"Lithuania","LTU","Investment in water and sanitation with private participation (current US$)","IE.PPI.WATR.CD","","","","","","","","","","","","","","","","","","","","","","","","","","","","","","","","","","","","","","","","","","","","","","","","","","","","","","","","","","","","","",
"Luxembourg","LUX","Investment in water and sanitation with private participation (current US$)","IE.PPI.WATR.CD","","","","","","","","","","","","","","","","","","","","","","","","","","","","","","","","","","","","","","","","","","","","","","","","","","","","","","","","","","","","","",
"Latvia","LVA","Investment in water and sanitation with private participation (current US$)","IE.PPI.WATR.CD","","","","","","","","","","","","","","","","","","","","","","","","","","","","","","","","","","","","","","","","","","","","","","","","","","","","","","","","","","","","","",
"Macao SAR, China","MAC","Investment in water and sanitation with private participation (current US$)","IE.PPI.WATR.CD","","","","","","","","","","","","","","","","","","","","","","","","","","","","","","","","","","","","","","","","","","","","","","","","","","","","","","","","","","","","","",
"St. Martin (French part)","MAF","Investment in water and sanitation with private participation (current US$)","IE.PPI.WATR.CD","","","","","","","","","","","","","","","","","","","","","","","","","","","","","","","","","","","","","","","","","","","","","","","","","","","","","","","","","","","","","",
"Morocco","MAR","Investment in water and sanitation with private participation (current US$)","IE.PPI.WATR.CD","","","","","","","","","","","","","","","","","","","","","","","","","","","","","","","","","","","","","","","","","","","","","","","","","","","","","","","","114000000","","","239530000","","",
"Monaco","MCO","Investment in water and sanitation with private participation (current US$)","IE.PPI.WATR.CD","","","","","","","","","","","","","","","","","","","","","","","","","","","","","","","","","","","","","","","","","","","","","","","","","","","","","","","","","","","","","",
"Moldova","MDA","Investment in water and sanitation with private participation (current US$)","IE.PPI.WATR.CD","","","","","","","","","","","","","","","","","","","","","","","","","","","","","","","","","","","","","","","","","","","","","","","","","","","","","","","","","","","","","",
"Madagascar","MDG","Investment in water and sanitation with private participation (current US$)","IE.PPI.WATR.CD","","","","","","","","","","","","","","","","","","","","","","","","","","","","","","","","","","","","","","","","","","","","","","","","","","","","","","","","","","","","","",
"Maldives","MDV","Investment in water and sanitation with private participation (current US$)","IE.PPI.WATR.CD","","","","","","","","","","","","","","","","","","","","","","","","","","","","","","","","","","","","","","","","","","","","","","","","","","","","","","","","","","","","","",
"Middle East & North Africa","MEA","Investment in water and sanitation with private participation (current US$)","IE.PPI.WATR.CD","","","","","","","","","","","","","","","","","","","","","","","","","","","","","","","","","","","","","","","","","","","","","","","","","","","","","","","","","","","","","",
"Mexico","MEX","Investment in water and sanitation with private participation (current US$)","IE.PPI.WATR.CD","","","","","","","","","","","","","","","","","","","","","","","","","","","","","","","","","","22800000","519800000","17000000","6000000","60200000","48200000","173600000","","72000000","","","421700000","30000000","53100000","306500000","38900000","288500000","793000000","267900000","42300000","140550000","1046500000","1424600000","","","537300000","","14700000",
"Marshall Islands","MHL","Investment in water and sanitation with private participation (current US$)","IE.PPI.WATR.CD","","","","","","","","","","","","","","","","","","","","","","","","","","","","","","","","","","","","","","","","","","","","","","","","","","","","","","","","","","","","","",
"Middle income","MIC","Investment in water and sanitation with private participation (current US$)","IE.PPI.WATR.CD","","","","","","","","","","","","","","","","","","","","","","","","","","","","","","","","","","","","","","","","","","","","","","","","","","","","","","","","","","","","","",
"North Macedonia","MKD","Investment in water and sanitation with private participation (current US$)","IE.PPI.WATR.CD","","","","","","","","","","","","","","","","","","","","","","","","","","","","","","","","","","","","","","","","","","","","","","","","","","","","","","","","","","","","","",
"Mali","MLI","Investment in water and sanitation with private participation (current US$)","IE.PPI.WATR.CD","","","","","","","","","","","","","","","","","","","","","","","","","","","","","","","","","","","","","","","","","","","","","","","","","","","","","","","","","","","","","",
"Malta","MLT","Investment in water and sanitation with private participation (current US$)","IE.PPI.WATR.CD","","","","","","","","","","","","","","","","","","","","","","","","","","","","","","","","","","","","","","","","","","","","","","","","","","","","","","","","","","","","","",
"Myanmar","MMR","Investment in water and sanitation with private participation (current US$)","IE.PPI.WATR.CD","","","","","","","","","","","","","","","","","","","","","","","","","","","","","","","","","","","","","","","","","","","","","","","","","","","","","","","","","","","","","",
"Middle East & North Africa (excluding high income)","MNA","Investment in water and sanitation with private participation (current US$)","IE.PPI.WATR.CD","","","","","","","","","","","","","","","","","","","","","","","","","","","","","","","","","","","","","","","","","","","","","","","","","","","","","","","","","","","","","",
"Montenegro","MNE","Investment in water and sanitation with private participation (current US$)","IE.PPI.WATR.CD","","","","","","","","","","","","","","","","","","","","","","","","","","","","","","","","","","","","","","","","","","","","","","","","","","","","","","","","","","","","","",
"Mongolia","MNG","Investment in water and sanitation with private participation (current US$)","IE.PPI.WATR.CD","","","","","","","","","","","","","","","","","","","","","","","","","","","","","","","","","","","","","","","","","","","","","","","","","","","","","","","","","","","","","",
"Northern Mariana Islands","MNP","Investment in water and sanitation with private participation (current US$)","IE.PPI.WATR.CD","","","","","","","","","","","","","","","","","","","","","","","","","","","","","","","","","","","","","","","","","","","","","","","","","","","","","","","","","","","","","",
"Mozambique","MOZ","Investment in water and sanitation with private participation (current US$)","IE.PPI.WATR.CD","","","","","","","","","","","","","","","","","","","","","","","","","","","","","","","","","","","","","","","","25500000","","","","","","","","","","","","","","","","","","","","","",
"Mauritania","MRT","Investment in water and sanitation with private participation (current US$)","IE.PPI.WATR.CD","","","","","","","","","","","","","","","","","","","","","","","","","","","","","","","","","","","","","","","","","","","","","","","","","","","","","","","","","","","","","",
"Mauritius","MUS","Investment in water and sanitation with private participation (current US$)","IE.PPI.WATR.CD","","","","","","","","","","","","","","","","","","","","","","","","","","","","","","","","","","","","","","","","","","","","","","","","","","","","","","","","","","","","","",
"Malawi","MWI","Investment in water and sanitation with private participation (current US$)","IE.PPI.WATR.CD","","","","","","","","","","","","","","","","","","","","","","","","","","","","","","","","","","","","","","","","","","","","","","","","","","","","","","","","","","","","","",
"Malaysia","MYS","Investment in water and sanitation with private participation (current US$)","IE.PPI.WATR.CD","","","","","","","","","","","","","","","","","","","","","","","","","","","","44000000","","154200000","","","284000000","2558200000","790000000","10000000","","","","","3964800000","","16400000","","2521000000","","","","","","","","","","","","","","","","",
"North America","NAC","Investment in water and sanitation with private participation (current US$)","IE.PPI.WATR.CD","","","","","","","","","","","","","","","","","","","","","","","","","","","","","","","","","","","","","","","","","","","","","","","","","","","","","","","","","","","","","",
"Namibia","NAM","Investment in water and sanitation with private participation (current US$)","IE.PPI.WATR.CD","","","","","","","","","","","","","","","","","","","","","","","","","","","","","","","","","","","","","","","","","","","","","","","","","","","","","","","","","","","","","",
"New Caledonia","NCL","Investment in water and sanitation with private participation (current US$)","IE.PPI.WATR.CD","","","","","","","","","","","","","","","","","","","","","","","","","","","","","","","","","","","","","","","","","","","","","","","","","","","","","","","","","","","","","",
"Niger","NER","Investment in water and sanitation with private participation (current US$)","IE.PPI.WATR.CD","","","","","","","","","","","","","","","","","","","","","","","","","","","","","","","","","","","","","","","","","","3400000","","","","","","","","","","","","","","","","","","","",
"Nigeria","NGA","Investment in water and sanitation with private participation (current US$)","IE.PPI.WATR.CD","","","","","","","","","","","","","","","","","","","","","","","","","","","","","","","","","","","","","","","","","","","","","","","","","","","","","","","","","","","","","",
"Nicaragua","NIC","Investment in water and sanitation with private participation (current US$)","IE.PPI.WATR.CD","","","","","","","","","","","","","","","","","","","","","","","","","","","","","","","","","","","","","","","","","","","","","","","","","","","","","","","","","","","","","",
"Netherlands","NLD","Investment in water and sanitation with private participation (current US$)","IE.PPI.WATR.CD","","","","","","","","","","","","","","","","","","","","","","","","","","","","","","","","","","","","","","","","","","","","","","","","","","","","","","","","","","","","","",
"Norway","NOR","Investment in water and sanitation with private participation (current US$)","IE.PPI.WATR.CD","","","","","","","","","","","","","","","","","","","","","","","","","","","","","","","","","","","","","","","","","","","","","","","","","","","","","","","","","","","","","",
"Nepal","NPL","Investment in water and sanitation with private participation (current US$)","IE.PPI.WATR.CD","","","","","","","","","","","","","","","","","","","","","","","","","","","","","","","","","","","","","","","","","","","","","","","","","","","","","","","","","","","","","",
"Nauru","NRU","Investment in water and sanitation with private participation (current US$)","IE.PPI.WATR.CD","","","","","","","","","","","","","","","","","","","","","","","","","","","","","","","","","","","","","","","","","","","","","","","","","","","","","","","","","","","","","",
"New Zealand","NZL","Investment in water and sanitation with private participation (current US$)","IE.PPI.WATR.CD","","","","","","","","","","","","","","","","","","","","","","","","","","","","","","","","","","","","","","","","","","","","","","","","","","","","","","","","","","","","","",
"OECD members","OED","Investment in water and sanitation with private participation (current US$)","IE.PPI.WATR.CD","","","","","","","","","","","","","","","","","","","","","","","","","","","","","","","","","","","","","","","","","","","","","","","","","","","","","","","","","","","","","",
"Oman","OMN","Investment in water and sanitation with private participation (current US$)","IE.PPI.WATR.CD","","","","","","","","","","","","","","","","","","","","","","","","","","","","","","","","","","","","","","","","","","","","","","","","","","","","","","","","","","","","","",
"Other small states","OSS","Investment in water and sanitation with private participation (current US$)","IE.PPI.WATR.CD","","","","","","","","","","","","","","","","","","","","","","","","","","","","","","","","","","","","","","","","","","","","","","","","","","","","","","","","","","","","","",
"Pakistan","PAK","Investment in water and sanitation with private participation (current US$)","IE.PPI.WATR.CD","","","","","","","","","","","","","","","","","","","","","","","","","","","","","","","","","","","","","","","","","","","","","","","","","","","","","","","","","","","","","",
"Panama","PAN","Investment in water and sanitation with private participation (current US$)","IE.PPI.WATR.CD","","","","","","","","","","","","","","","","","","","","","","","","","","","","","","","","","","","","","","","","","","","","","","","","","","","","","","","","","","","","","",
"Peru","PER","Investment in water and sanitation with private participation (current US$)","IE.PPI.WATR.CD","","","","","","","","","","","","","","","","","","","","","","","","","","","","","","","","","","","","","","","","","","35000000","45000000","","","72000000","","","","","119800000","149500000","104500000","","715000000","4000000","100000000","","121400000","","",
"Philippines","PHL","Investment in water and sanitation with private participation (current US$)","IE.PPI.WATR.CD","","","","","","","","","","","","","","","","","","","","","","","","","","","","","","","","","","","","","","7565600000","","1600000","","","","","","","503900000","","","26600000","","","178300000","","","","488800000","","18960000","32070000","",
"Palau","PLW","Investment in water and sanitation with private participation (current US$)","IE.PPI.WATR.CD","","","","","","","","","","","","","","","","","","","","","","","","","","","","","","","","","","","","","","","","","","","","","","","","","","","","","","","","","","","","","",
"Papua New Guinea","PNG","Investment in water and sanitation with private participation (current US$)","IE.PPI.WATR.CD","","","","","","","","","","","","","","","","","","","","","","","","","","","","","","","","","","","","","","71000000","","","","","","","","","","","","","","","","","","","","","","","",
"Poland","POL","Investment in water and sanitation with private participation (current US$)","IE.PPI.WATR.CD","","","","","","","","","","","","","","","","","","","","","","","","","","","","","","","","","","","","","","","","","","","","","","","","","","","","","","","","","","","","","",
"Pre-demographic dividend","PRE","Investment in water and sanitation with private participation (current US$)","IE.PPI.WATR.CD","","","","","","","","","","","","","","","","","","","","","","","","","","","","","","","","","","","","","","","","","","","","","","","","","","","","","","","","","","","","","",
"Puerto Rico","PRI","Investment in water and sanitation with private participation (current US$)","IE.PPI.WATR.CD","","","","","","","","","","","","","","","","","","","","","","","","","","","","","","","","","","","","","","","","","","","","","","","","","","","","","","","","","","","","","",
"Korea, Dem. People's Rep.","PRK","Investment in water and sanitation with private participation (current US$)","IE.PPI.WATR.CD","","","","","","","","","","","","","","","","","","","","","","","","","","","","","","","","","","","","","","","","","","","","","","","","","","","","","","","","","","","","","",
"Portugal","PRT","Investment in water and sanitation with private participation (current US$)","IE.PPI.WATR.CD","","","","","","","","","","","","","","","","","","","","","","","","","","","","","","","","","","","","","","","","","","","","","","","","","","","","","","","","","","","","","",
"Paraguay","PRY","Investment in water and sanitation with private participation (current US$)","IE.PPI.WATR.CD","","","","","","","","","","","","","","","","","","","","","","","","","","","","","","","","","","","","","","","","","","","","","","","","","","","","","","","","","","","","","",
"West Bank and Gaza","PSE","Investment in water and sanitation with private participation (current US$)","IE.PPI.WATR.CD","","","","","","","","","","","","","","","","","","","","","","","","","","","","","","","","","","","","","","","","","","","","","","","","","","","","","","","","","","","","","",
"Pacific island small states","PSS","Investment in water and sanitation with private participation (current US$)","IE.PPI.WATR.CD","","","","","","","","","","","","","","","","","","","","","","","","","","","","","","","","","","","","","","","","","","","","","","","","","","","","","","","","","","","","","",
"Post-demographic dividend","PST","Investment in water and sanitation with private participation (current US$)","IE.PPI.WATR.CD","","","","","","","","","","","","","","","","","","","","","","","","","","","","","","","","","","","","","","","","","","","","","","","","","","","","","","","","","","","","","",
"French Polynesia","PYF","Investment in water and sanitation with private participation (current US$)","IE.PPI.WATR.CD","","","","","","","","","","","","","","","","","","","","","","","","","","","","","","","","","","","","","","","","","","","","","","","","","","","","","","","","","","","","","",
"Qatar","QAT","Investment in water and sanitation with private participation (current US$)","IE.PPI.WATR.CD","","","","","","","","","","","","","","","","","","","","","","","","","","","","","","","","","","","","","","","","","","","","","","","","","","","","","","","","","","","","","",
"Romania","ROU","Investment in water and sanitation with private participation (current US$)","IE.PPI.WATR.CD","","","","","","","","","","","","","","","","","","","","","","","","","","","","","","","","","","","","","","","","","116000000","","","","","","41000000","","","","","","","","","","","","","","",
"Russian Federation","RUS","Investment in water and sanitation with private participation (current US$)","IE.PPI.WATR.CD","","","","","","","","","","","","","","","","","","","","","","","","","","","","","","","","","","","","","","","108000000","","","","","323600000","240780000","340300000","698700000","174000000","","","","","100000000","","","1200000000","","","","","",
"Rwanda","RWA","Investment in water and sanitation with private participation (current US$)","IE.PPI.WATR.CD","","","","","","","","","","","","","","","","","","","","","","","","","","","","","","","","","","","","","","","","","","","","","","","","","","","","","","","","","","60000000","","","",
"South Asia","SAS","Investment in water and sanitation with private participation (current US$)","IE.PPI.WATR.CD","","","","","","","","","","","","","","","","","","","","","","","","","","","","","","","","","","","","","","","","","","2100000","","","110750000","","","142250000","75900000","23530000","","","115600000","135100000","","18500000","","50880000","910300000","","",
"Saudi Arabia","SAU","Investment in water and sanitation with private participation (current US$)","IE.PPI.WATR.CD","","","","","","","","","","","","","","","","","","","","","","","","","","","","","","","","","","","","","","","","","","","","","","","","","","","","","","","","","","","","","",
"Sudan","SDN","Investment in water and sanitation with private participation (current US$)","IE.PPI.WATR.CD","","","","","","","","","","","","","","","","","","","","","","","","","","","","","","","","","","","","","","","","","","","","","","","","120700000","","","","","","","","","","","","","",
"Senegal","SEN","Investment in water and sanitation with private participation (current US$)","IE.PPI.WATR.CD","","","","","","","","","","","","","","","","","","","","","","","","","","","","","","","","","","","","","20000000","","","","","","","","","","","","","","","","","","","33000000","","","","","",
"Singapore","SGP","Investment in water and sanitation with private participation (current US$)","IE.PPI.WATR.CD","","","","","","","","","","","","","","","","","","","","","","","","","","","","","","","","","","","","","","","","","","","","","","","","","","","","","","","","","","","","","",
"Solomon Islands","SLB","Investment in water and sanitation with private participation (current US$)","IE.PPI.WATR.CD","","","","","","","","","","","","","","","","","","","","","","","","","","","","","","","","","","","","","","","","","","","","","","","","","","","","","","","","","","","","","",
"Sierra Leone","SLE","Investment in water and sanitation with private participation (current US$)","IE.PPI.WATR.CD","","","","","","","","","","","","","","","","","","","","","","","","","","","","","","","","","","","","","","","","","","","","","","","","","","","","","","","","","","","","","",
"El Salvador","SLV","Investment in water and sanitation with private participation (current US$)","IE.PPI.WATR.CD","","","","","","","","","","","","","","","","","","","","","","","","","","","","","","","","","","","","","","","","","","","","","","","","","","","","","","","","","","","","","",
"San Marino","SMR","Investment in water and sanitation with private participation (current US$)","IE.PPI.WATR.CD","","","","","","","","","","","","","","","","","","","","","","","","","","","","","","","","","","","","","","","","","","","","","","","","","","","","","","","","","","","","","",
"Somalia","SOM","Investment in water and sanitation with private participation (current US$)","IE.PPI.WATR.CD","","","","","","","","","","","","","","","","","","","","","","","","","","","","","","","","","","","","","","","","","","","","","","","","","","","","","","","","","","","","","",
"Serbia","SRB","Investment in water and sanitation with private participation (current US$)","IE.PPI.WATR.CD","","","","","","","","","","","","","","","","","","","","","","","","","","","","","","","","","","","","","","","","","","","","","","","","","","","","","33300000","","","","","","","","",
"Sub-Saharan Africa (excluding high income)","SSA","Investment in water and sanitation with private participation (current US$)","IE.PPI.WATR.CD","","","","","","","","","","","","","","","","","","","","","","","","","","","","","","","","","","","","","","","","","","","","","","","","","","","","","","","","","","","","","",
"South Sudan","SSD","Investment in water and sanitation with private participation (current US$)","IE.PPI.WATR.CD","","","","","","","","","","","","","","","","","","","","","","","","","","","","","","","","","","","","","","","","","","","","","","","","","","","","","","","","","","","","","",
"Sub-Saharan Africa","SSF","Investment in water and sanitation with private participation (current US$)","IE.PPI.WATR.CD","","","","","","","","","","","","","","","","","","","","","","","","","","","","","","","","","","","","","","","","","","","","","","","","","","","","","","","","","","","","","",
"Small states","SST","Investment in water and sanitation with private participation (current US$)","IE.PPI.WATR.CD","","","","","","","","","","","","","","","","","","","","","","","","","","","","","","","","","","","","","","","","","","","","","","","","","","","","","","","","","","","","","",
"Sao Tome and Principe","STP","Investment in water and sanitation with private participation (current US$)","IE.PPI.WATR.CD","","","","","","","","","","","","","","","","","","","","","","","","","","","","","","","","","","","","","","","","","","","","","","","","","","","","","","","","","","","","","",
"Suriname","SUR","Investment in water and sanitation with private participation (current US$)","IE.PPI.WATR.CD","","","","","","","","","","","","","","","","","","","","","","","","","","","","","","","","","","","","","","","","","","","","","","","","","","","","","","","","","","","","","",
"Slovak Republic","SVK","Investment in water and sanitation with private participation (current US$)","IE.PPI.WATR.CD","","","","","","","","","","","","","","","","","","","","","","","","","","","","","","","","","","","","","","","","","","","","","","","","","","","","","","","","","","","","","",
"Slovenia","SVN","Investment in water and sanitation with private participation (current US$)","IE.PPI.WATR.CD","","","","","","","","","","","","","","","","","","","","","","","","","","","","","","","","","","","","","","","","","","","","","","","","","","","","","","","","","","","","","",
"Sweden","SWE","Investment in water and sanitation with private participation (current US$)","IE.PPI.WATR.CD","","","","","","","","","","","","","","","","","","","","","","","","","","","","","","","","","","","","","","","","","","","","","","","","","","","","","","","","","","","","","",
"Eswatini","SWZ","Investment in water and sanitation with private participation (current US$)","IE.PPI.WATR.CD","","","","","","","","","","","","","","","","","","","","","","","","","","","","","","","","","","","","","","","","","","","","","","","","","","","","","","","","","","","","","",
"Sint Maarten (Dutch part)","SXM","Investment in water and sanitation with private participation (current US$)","IE.PPI.WATR.CD","","","","","","","","","","","","","","","","","","","","","","","","","","","","","","","","","","","","","","","","","","","","","","","","","","","","","","","","","","","","","",
"Seychelles","SYC","Investment in water and sanitation with private participation (current US$)","IE.PPI.WATR.CD","","","","","","","","","","","","","","","","","","","","","","","","","","","","","","","","","","","","","","","","","","","","","","","","","","","","","","","","","","","","","",
"Syrian Arab Republic","SYR","Investment in water and sanitation with private participation (current US$)","IE.PPI.WATR.CD","","","","","","","","","","","","","","","","","","","","","","","","","","","","","","","","","","","","","","","","","","","","","","","","","","","","","","","","","","","","","",
"Turks and Caicos Islands","TCA","Investment in water and sanitation with private participation (current US$)","IE.PPI.WATR.CD","","","","","","","","","","","","","","","","","","","","","","","","","","","","","","","","","","","","","","","","","","","","","","","","","","","","","","","","","","","","","",
"Chad","TCD","Investment in water and sanitation with private participation (current US$)","IE.PPI.WATR.CD","","","","","","","","","","","","","","","","","","","","","","","","","","","","","","","","","","","","","","","","","","","","","","","","","","","","","","","","","","","","","",
"East Asia & Pacific (IDA & IBRD countries)","TEA","Investment in water and sanitation with private participation (current US$)","IE.PPI.WATR.CD","","","","","","","","","","","","","","","","","","","","","","","","","","","","","","","","","","","820800000","520000000","149300000","8032500000","942800000","270500000","4066000000","672960000","934050000","703500000","3132480000","1340919000","1147161030","1901875470","973613580","539030000","639700000","591630000","467260000","309340000","352820000","774050000","1527870000","1583280000","1960660000","3599930000","2312270000",
"Europe & Central Asia (IDA & IBRD countries)","TEC","Investment in water and sanitation with private participation (current US$)","IE.PPI.WATR.CD","","","","","","","","","","","","","","","","","","","","","","","","","","","","","","","","","","","","","","","","","","","","","","","","","","","","","","","","","","","","","",
"Togo","TGO","Investment in water and sanitation with private participation (current US$)","IE.PPI.WATR.CD","","","","","","","","","","","","","","","","","","","","","","","","","","","","","","","","","","","","","","","","","","","","","","","","","","","","","","","","","","","","","",
"Thailand","THA","Investment in water and sanitation with private participation (current US$)","IE.PPI.WATR.CD","","","","","","","","","","","","","","","","","","","","","","","","","","","","","","","","","","","","160000000","","61300000","","65700000","8800000","240000000","","34300000","","241600000","18800000","","","","","","","","","","","","","","",
"Tajikistan","TJK","Investment in water and sanitation with private participation (current US$)","IE.PPI.WATR.CD","","","","","","","","","","","","","","","","","","","","","","","","","","","","","","","","","","","","","","","","","","","","","","","","","","","","","","","","","","","","","",
"Turkmenistan","TKM","Investment in water and sanitation with private participation (current US$)","IE.PPI.WATR.CD","","","","","","","","","","","","","","","","","","","","","","","","","","","","","","","","","","","","","","","","","","","","","","","","","","","","","","","","","","","","","",
"Latin America & the Caribbean (IDA & IBRD countries)","TLA","Investment in water and sanitation with private participation (current US$)","IE.PPI.WATR.CD","","","","","","","","","","","","","","","","","","","","","","","","","","","","","","","","","","","","1263800000","147900000","1869200000","1201900000","2007300000","","906430000","","","772680000","120444000","","","","","","","","","","","","","","","",
"Timor-Leste","TLS","Investment in water and sanitation with private participation (current US$)","IE.PPI.WATR.CD","","","","","","","","","","","","","","","","","","","","","","","","","","","","","","","","","","","","","","","","","","","","","","","","","","","","","","","","","","","","","",
"Middle East & North Africa (IDA & IBRD countries)","TMN","Investment in water and sanitation with private participation (current US$)","IE.PPI.WATR.CD","","","","","","","","","","","","","","","","","","","","","","","","","","","","","","","","","","","","","","","","","","","","","","","","","","","","","","","","","","","","","",
"Tonga","TON","Investment in water and sanitation with private participation (current US$)","IE.PPI.WATR.CD","","","","","","","","","","","","","","","","","","","","","","","","","","","","","","","","","","","","","","","","","","","","","","","","","","","","","","","","","","","","","",
"South Asia (IDA & IBRD)","TSA","Investment in water and sanitation with private participation (current US$)","IE.PPI.WATR.CD","","","","","","","","","","","","","","","","","","","","","","","","","","","","","","","","","","","","","","","","","","2100000","","","110750000","","","142250000","75900000","23530000","","","115600000","135100000","","18500000","","50880000","910300000","","",
"Sub-Saharan Africa (IDA & IBRD countries)","TSS","Investment in water and sanitation with private participation (current US$)","IE.PPI.WATR.CD","","","","","","","","","","","","","","","","","","","","","","","","","","","","","","","","","","","","","","","","","","","","","","","","","","","","","","","","","","","","","",
"Trinidad and Tobago","TTO","Investment in water and sanitation with private participation (current US$)","IE.PPI.WATR.CD","","","","","","","","","","","","","","","","","","","","","","","","","","","","","","","","","","","","","","","","","","","","","","","","","","","","","","","","","","","","","",
"Tunisia","TUN","Investment in water and sanitation with private participation (current US$)","IE.PPI.WATR.CD","","","","","","","","","","","","","","","","","","","","","","","","","","","","","","","","","","","","","","","","","","","","","","","","","","","95000000","","","","","","","","","","",
"Turkey","TUR","Investment in water and sanitation with private participation (current US$)","IE.PPI.WATR.CD","","","","","","","","","","","","","","","","","","","","","","","","","","","","","","","","","","","","","942000000","","","","","","","","","","","","","","","","","","","","","","","","",
"Tuvalu","TUV","Investment in water and sanitation with private participation (current US$)","IE.PPI.WATR.CD","","","","","","","","","","","","","","","","","","","","","","","","","","","","","","","","","","","","","","","","","","","","","","","","","","","","","","","","","","","","","",
"Tanzania","TZA","Investment in water and sanitation with private participation (current US$)","IE.PPI.WATR.CD","","","","","","","","","","","","","","","","","","","","","","","","","","","","","","","","","","","","","","","","","","","","8500000","","","","","","","","","","","","","","","","","",
"Uganda","UGA","Investment in water and sanitation with private participation (current US$)","IE.PPI.WATR.CD","","","","","","","","","","","","","","","","","","","","","","","","","","","","","","","","","","","","","","","","","","","","","","","","","","","","","","","","","","","","","",
"Ukraine","UKR","Investment in water and sanitation with private participation (current US$)","IE.PPI.WATR.CD","","","","","","","","","","","","","","","","","","","","","","","","","","","","","","","","","","","","","","","","","","","","","","100000000","","","102000000","","","","","","","","","","","","",
"Upper middle income","UMC","Investment in water and sanitation with private participation (current US$)","IE.PPI.WATR.CD","","","","","","","","","","","","","","","","","","","","","","","","","","","","","","","","","","","1346000000","1583800000","1239200000","2073900000","1581900000","1988100000","6388480000","1116190000","1412210000","1292600000","4137840000","1709663000","2103461030","2957945470","1847613580","1766730000","1782900000","1136530000","5349860000","3385990000","3901120000","5129350000","","","2313670000","","3656350000",
"Uruguay","URY","Investment in water and sanitation with private participation (current US$)","IE.PPI.WATR.CD","","","","","","","","","","","","","","","","","","","","","","","","","","","","","","","","","","","","","","","","","","","","","","","","","","","","","","","","","","","","","",
"United States","USA","Investment in water and sanitation with private participation (current US$)","IE.PPI.WATR.CD","","","","","","","","","","","","","","","","","","","","","","","","","","","","","","","","","","","","","","","","","","","","","","","","","","","","","","","","","","","","","",
"Uzbekistan","UZB","Investment in water and sanitation with private participation (current US$)","IE.PPI.WATR.CD","","","","","","","","","","","","","","","","","","","","","","","","","","","","","","","","","","","","","","","","","","","","","","","","","","","","","","","","","","","","","159730000",
"St. Vincent and the Grenadines","VCT","Investment in water and sanitation with private participation (current US$)","IE.PPI.WATR.CD","","","","","","","","","","","","","","","","","","","","","","","","","","","","","","","","","","","","","","","","","","","","","","","","","","","","","","","","","","","","","",
"Venezuela, RB","VEN","Investment in water and sanitation with private participation (current US$)","IE.PPI.WATR.CD","","","","","","","","","","","","","","","","","","","","","","","","","","","","","","","","","","","","","","","","25000000","","15000000","","","","","","","","","","","","","","","","","","","",
"British Virgin Islands","VGB","Investment in water and sanitation with private participation (current US$)","IE.PPI.WATR.CD","","","","","","","","","","","","","","","","","","","","","","","","","","","","","","","","","","","","","","","","","","","","","","","","","","","","","","","","","","","","","",
"Virgin Islands (U.S.)","VIR","Investment in water and sanitation with private participation (current US$)","IE.PPI.WATR.CD","","","","","","","","","","","","","","","","","","","","","","","","","","","","","","","","","","","","","","","","","","","","","","","","","","","","","","","","","","","","","",
"Vietnam","VNM","Investment in water and sanitation with private participation (current US$)","IE.PPI.WATR.CD","","","","","","","","","","","","","","","","","","","","","","","","","","","","","","","","","","","","","","","38800000","","20000000","154000000","","7000000","","92000000","","","","","","","","","","","88900000","","","159140000","",
"Vanuatu","VUT","Investment in water and sanitation with private participation (current US$)","IE.PPI.WATR.CD","","","","","","","","","","","","","","","","","","","","","","","","","","","","","","","","","","","","","","","","","","","","","","","","","","","","","","","","","","","","","",
"World","WLD","Investment in water and sanitation with private participation (current US$)","IE.PPI.WATR.CD","","","","","","","","","","","","","","","","","","","","","","","","","","","","","","","","","","","","","","","","","","","","","","","","","","","","","","","","","","","","","",
"Samoa","WSM","Investment in water and sanitation with private participation (current US$)","IE.PPI.WATR.CD","","","","","","","","","","","","","","","","","","","","","","","","","","","","","","","","","","","","","","","","","","","","","","","","","","","","","","","","","","","","","",
"Kosovo","XKX","Investment in water and sanitation with private participation (current US$)","IE.PPI.WATR.CD","","","","","","","","","","","","","","","","","","","","","","","","","","","","","","","","","","","","","","","","","","","","","","","","","","","","","","","","","","","","","",
"Yemen, Rep.","YEM","Investment in water and sanitation with private participation (current US$)","IE.PPI.WATR.CD","","","","","","","","","","","","","","","","","","","","","","","","","","","","","","","","","","","","","","","","","","","","","","","","","","","","","","","","","","","","","",
"South Africa","ZAF","Investment in water and sanitation with private participation (current US$)","IE.PPI.WATR.CD","","","","","","","","","","","","","","","","","","","","","","","","","","","","","","","","","","","","","","","","56900000","31300000","","","","","","","","","","","","","","","","","","","","",
"Zambia","ZMB","Investment in water and sanitation with private participation (current US$)","IE.PPI.WATR.CD","","","","","","","","","","","","","","","","","","","","","","","","","","","","","","","","","","","","","","","","","","","","","","","","","","","","","","","","","","","","","",
"Zimbabwe","ZWE","Investment in water and sanitation with private participation (current US$)","IE.PPI.WATR.CD","","","","","","","","","","","","","","","","","","","","","","","","","","","","","","","","","","","","","","","","","","","","","","","","","","","","","","","","","","","","","",
